epoch,accuracy,loss,mean_squared_error,root_mean_squared_error,val_accuracy,val_loss,val_mean_squared_error,val_root_mean_squared_error
8,1.4192518449362979e-07,15.432716369628906,371.9898376464844,19.287038803100586,0.0,7.920984268188477,347.4791259765625,18.640792846679688
9,0.0,6.349815368652344,367.0295715332031,19.158016204833984,0.0,5.999638557434082,352.94427490234375,18.78681182861328
10,0.0,5.3236494064331055,370.9151306152344,19.259157180786133,0.0,5.419955730438232,346.5765686035156,18.616567611694336
11,0.0,4.876328468322754,370.5787353515625,19.25042152404785,0.0,5.1157612800598145,377.99603271484375,19.442119598388672
12,0.0,4.563201427459717,374.5325012207031,19.352842330932617,0.0,4.797314643859863,409.833740234375,20.24435043334961
13,0.0,4.563201427459717,374.5325012207031,19.352842330932617,0.0,4.797314643859863,409.833740234375,20.24435043334961