epoch,accuracy,loss,mean_squared_error,root_mean_squared_error,val_accuracy,val_loss,val_mean_squared_error,val_root_mean_squared_error
13,1.0917321269232616e-08,4.3160505294799805,381.3189697265625,19.527389526367188,3.2531431770621566e-08,4.433122634887695,372.4489440917969,19.29893684387207
14,8.006036011920514e-08,4.078539848327637,373.05889892578125,19.314733505249023,1.951886048345841e-07,4.368712425231934,341.1550598144531,18.470382690429688
