epoch,accuracy,loss,mean_squared_error,root_mean_squared_error,val_accuracy,val_loss,val_mean_squared_error,val_root_mean_squared_error
8,0.370005702484602,3.7978987936246194,294.91185177866043,17.172997751664106,0.36961564111322565,4.350054842053038,290.4909644774668,17.043795483326676
9,0.370005702484602,3.7990225088798395,295.0163748327428,17.176040720513644,0.36961564111322565,4.347036318345503,291.2126635505172,17.06495424988058
10,0.370005702484602,3.7969735153650834,295.1252617226074,17.179210160033765,0.36961564111322565,4.343761140649969,291.60859292007285,17.076550966751828
11,0.370005702484602,3.7983226776123047,295.3799268920727,17.186620577998244,0.36961564111322565,4.339174588521321,291.031376292439,17.05964173986192
12,0.370005702484602,3.7914851560431013,295.53520033466816,17.19113726123633,0.36961564111322565,4.336442022612601,291.58995851421224,17.076005344172632
13,0.370005702484602,3.790335970409846,295.6484360226704,17.194430377964558,0.36961564111322565,4.332865765600493,291.42460355131067,17.07116292322555
14,0.370005702484602,3.778489173468897,295.82433175971715,17.19954452186793,0.36961564111322565,4.332866964918194,292.714920963093,17.108913494523637
